{
  "contractEtherDelta": "smart_contract/etherdelta.sol",
  "contractToken": "smart_contract/token.sol",
  "contractReserveToken": "smart_contract/reservetoken.sol",
  "contractEtherDeltaAddrs": [
    { "addr": "0xf5b4a5d49d2b0d658f2d729e4bea7b7811a7e06a", "info": "AK4 EtherDelta" }
  ],
  "ethTestnet": "ropsten",
  "ethChainId": 3,
  "ethProvider": "http://localhost:8545",
  "ethGasPrice": 9000000000,
  "ethAddr": "0x0000000000000000000000000000000000000000",
  "ethAddrPrivateKey": "",
  "gasApprove": 250000,
  "gasDeposit": 250000,
  "gasWithdraw": 250000,
  "gasTrade": 250000,
  "gasOrder": 250000,
  "minOrderSize": 0.001,
  "socketServer": "azexchangebackend.tk",
  "userCookie": "EtherDelta",
  "eventsCacheCookie": "EtherDelta_eventsCache",
  "ordersCacheCookie": "EtherDelta_ordersCache",
  "etherscanAPIKey": "GCGR1C9I17TYIRNYUDDEIJH1K5BRPH4UDE",
  "ledgerPath": "m/44'/60'/0'/0",
  "bases": [
    { "addr": "0x0000000000000000000000000000000000000000", "name": "ETH", "decimals": 18 }
  ],
  "tokens": [
    { "addr": "0x86fa049857e0209aa7d9e616f7eb3b3b78ecfdb0", "name": "EOS", "decimals": 18 },
    { "addr": "0xd4fa1460f537bb9085d22c7bccb5dd450ef28e3a", "name": "PPT", "decimals": 18 },
    { "addr": "0xd26114cd6ee289accf82350c8d8487fedb8a0c07", "name": "OMG", "decimals": 18 },
    { "addr": "0x89d24a6b4ccb1b6faa2625fe562bdd9a23260359", "name": "DAI", "decimals": 18 },
    { "addr": "0x6b5e2c172f71c456a8e73d2a8d65c884e21d1ed3", "name": "DEF", "decimals": 18 },
    { "addr": "0xe989abe31174f609e9013403eeb334ae610cf327", "name": "AK4", "decimals": 0 }
  ],
  "defaultPair": { "token": "AK4", "base": "ETH" }
}
